drop database if exists vins;
create database if not exists vins;
use vins;
CREATE TABLE `vin` (
  `numV` int NOT NULL,
  `cru` varchar(30) DEFAULT NULL,
  `annee` decimal(4,0) DEFAULT NULL,
  `degre` decimal(5,2) DEFAULT NULL,
  PRIMARY KEY (`numV`)
);
INSERT INTO `vin` VALUES (1,'Mercurey',1980,11.50),(2,'Julienas',1974,11.30),(3,'Savigny les Beaunes',1978,12.10),(4,'Mercurey',1980,10.09),(5,'Pommard',1976,11.70),(6,'Mercurey',1981,11.20),(7,'Grands Echezeaux',1968,11.70),(8,'Cotes de Beaune Villages',1975,12.30),(9,'Chapelle Chambertin',1973,11.90),(10,'Beaujolais Villages',1979,11.80),(11,'Sylvaner',1982,11.20),(12,'Gentil',1975,10.70),(13,'Cotes du Rhone',1968,12.30),(14,'Chateau Chalon',1978,10.09),(15,'Cote de Brouilly',1973,11.90),(16,'Meursault',1980,12.10),(17,'Meursault',1975,11.40),(18,'Chambolle Musigny',1968,12.30),(19,'Clos du roi',1972,11.20),(20,'Cote de Brouilly',1980,12.10),(21,'Cotes de Nuits',1978,12.00),(22,'Savigny les Beaunes',1974,12.00),(23,'Pommard',1972,12.00),(24,'Cotes de Beaune Villages',1971,12.10),(25,'Chapelle Chambertin',1968,10.50),(26,'Chateau Corton Grancey',1980,12.00),(27,'Puligny Montrachet',1974,11.00),(28,'Volnay',1980,11.00),(29,'Corton',1972,11.60),(30,'Bourgogne Passe Tout Grains',1979,12.00),(31,'Monthelie',1968,11.40),(32,'Pouilly Vinzelles',1968,12.30),(33,'Santenay',1972,12.00),(34,'Montagny',1978,11.20),(35,'Auxey Duresses',1914,11.30),(36,'Chorey les Beaunes',1955,11.00),(37,'Savigny les Beaunes',1978,10.00),(38,'Savigny les Beaunes',1977,11.00),(39,'Savigny les Beaunes',1973,12.00),(40,'Richebourg',1943,12.00),(41,'Clairette de Die',1976,12.00),(42,'Beaujolais Primeur',1983,12.00),(43,'Fleurie',1980,11.40),(44,'Moulin a vent',1983,11.20),(45,'Chiroubles',1983,10.90),(46,'Chiroubles',1983,11.00),(47,'Chiroubles',1978,11.00),(48,'Cote de Brouilly',1899,12.00),(49,'Morgon',1984,12.00),(50,'Chenas',1984,12.00),(51,'Chenas',1975,10.00),(52,'Brouilly',1975,11.50),(53,'Beaujolais Villages',1975,10.30),(54,'Beaujolais Villages',1976,10.50),(55,'Beaujolais Villages',1978,12.10),(56,'Saint Amour',1974,12.60),(57,'Crozes Hermitage',1974,12.10),(58,'Crozes Hermitage',1975,12.50),(59,'Crozes Hermitage',1972,12.30),(60,'Crozes Hermitage',1983,11.00),(61,'Crozes Hermitage',1979,12.00),(62,'Gigondas',1978,11.00),(63,'Coteaux du Tricastin',1978,10.00),(64,'Coteaux du Tricastin',1974,11.00),(65,'Rochegrande',1968,10.80),(66,'Tavel',1968,11.00),(67,'Gewurztraminer',1968,12.50),(68,'Riesling',1962,11.40),(69,'Tokay d Alsace',1982,11.00),(70,'Sylvaner',1982,11.00),(71,'Palette',1981,11.00),(72,'Cassis',1978,10.00),(73,'Bellet',1976,11.00),(74,'Arbois',1980,12.00),(75,'Arbois',1976,11.00),(76,'Chateau Chalon',1976,12.00),(77,'Etoile',1979,11.00),(78,'Etoile',1980,12.00),(79,'Seyssel',1980,11.00),(80,'Seyssel',1980,11.00),(81,'Cornas',1980,11.00),(82,'Cornas',1980,11.00),(83,'Saint Amour',1980,10.00),(84,'Rasteau',1980,10.00),(85,'Tavel',1980,11.00),(86,'Tavel',1980,11.00),(87,'Cotes de Provence',1980,12.00),(88,'Cotes de Provence',1976,10.00),(89,'Cotes de Provence',1969,11.00),(90,'Palette',1969,11.00),(91,'Cassis',1979,11.00),(92,'Coteaux de Pierevert',1967,10.30),(93,'Blanquette de Limoux',1978,10.90),(94,'Cotes du Roussillon',1978,11.50),(95,'Cotes du Roussillon',1978,12.00),(96,'Saint Chinian',1976,11.00),(97,'Saint Chinian',1976,11.00),(98,'Corbieres',1978,10.00),(99,'Vin de Savoie Ayze',1976,12.00),(100,'Seyssel',1974,11.00),(101,'Saint Veran',1973,12.50);
CREATE TABLE `producteur` (
  `numP` int NOT NULL,
  `nom` varchar(50) DEFAULT NULL,
  `prenom` varchar(30) DEFAULT NULL,
  `region` varchar(30) DEFAULT NULL,
  PRIMARY KEY (`numP`)
) ;
INSERT INTO `producteur` VALUES (1,'Bohn','Rene','Alsace'),(2,'Boxler','Albert','Alsace'),(3,'Six','Paul','Alsace'),(4,'Stentz','Fernand','Alsace'),(5,'Joudeat','Lucien','Bourgogne'),(6,'Marmagne','Bernard','Bourgogne'),(7,'Lasnier','Pierre','Bourgogne'),(8,'Lioger d Harduy','Gabriel','Bourgogne'),(9,'Moniot','Gilbert','Bourgogne'),(10,'Fournier','Jean Claude','Bourgogne'),(11,'Clerget','Anne','Bourgogne'),(12,'Tortochot','Gabriel','Bourgogne'),(13,'Grivot','Jean','Bourgogne'),(14,'Jayer','Henri','Bourgogne'),(15,'Drouhin','Joseph','Bourgogne'),(16,'Barbin','Bernard','Bourgogne'),(17,'Faiveley','Guy','Bourgogne'),(18,'Tramier','Jean','Bourgogne'),(19,'Dupaquier','Roger','Bourgogne'),(20,'Lamy','Jean','Bourgogne'),(21,'Cornu','Edmond','Bourgogne'),(22,'Dubreuil Fontaine','Pierre','Bourgogne'),(23,'Laleure','','Bourgogne'),(24,'Guillemot','Pierre','Bourgogne'),(25,'Valentin Bouchotte','Roger','Bourgogne'),(26,'Violot','Gilbert','Bourgogne'),(27,'Glantenay','Louis','Bourgogne'),(28,'Monnier','Rene','Bourgogne'),(29,'De Suremain','Robert','Bourgogne'),(30,'Desbois','Maurice','Bourgogne'),(31,'Prudhon','Henri','Bourgogne'),(32,'Mestre','Philippe','Bourgogne'),(33,'Prieur','Guy','Bourgogne'),(34,'Monnier','Rene','Bourgogne'),(35,'Roulot','Guy','Bourgogne'),(36,'Sauzet','Etienne','Bourgogne'),(37,'Delagrange Bachelet','','Bourgogne'),(38,'De Launay','Paul','Bourgogne'),(39,'De Suremin','Hugues','Bourgogne'),(40,'Genelot','Maurice','Bourgogne'),(41,'Juillot','Michel','Bourgogne'),(42,'Juillot','Maurice','Bourgogne'),(43,'Menand','Jean Claude','Bourgogne'),(44,'Feyveley','','Bourgogne'),(45,'Jeannin','Andre','Bourgogne'),(46,'Monassier','Armand','Bourgogne'),(47,'Thenard','','Bourgogne'),(48,'Flamand','','Bourgogne'),(49,'Guillot','Pierre','Bourgogne'),(50,'Chagny','Georges','Bourgogne'),(51,'Simonet','Leon','Bourgogne'),(52,'Lapierre','Jean','Bourgogne'),(53,'Cooperative','','Bourgogne'),(54,'Cooperative','','Bourgogne'),(55,'Michon','Philippe','Bourgogne'),(56,'Coutelle','Jean','Beaujolais'),(57,'Desmules','Pierre','Beaujolais'),(58,'Joubert','Claude','Beaujolais'),(59,'La Thuilliere','Jean','Beaujolais'),(60,'Vernus','Georges','Beaujolais'),(61,'Champier','Charles','Beaujolais'),(62,'Champagnon','Louis','Beaujolais'),(63,'Cooperative','','Beaujolais'),(64,'Marius Bel Air','Morin','Beaujolais'),(65,'Appert','Michel','Beaujolais'),(66,'Cooperative','','Beaujolais'),(67,'Descombes','Jean Ernest','Beaujolais'),(68,'Savoye','Louis','Beaujolais'),(69,'Janin','Marcel','Beaujolais'),(70,'Trichard','Benoit','Beaujolais'),(71,'Chalandard','Danile','Jura'),(72,'Reverchon','Joseph','Jura'),(73,'Bourguignon','Emile','Jura'),(74,'Grand','Rene','Jura'),(75,'Loye','Camille','Jura'),(76,'Maire','Henri','Jura'),(77,'Tissot','Andre','Jura'),(78,'Michel','Pierre Emile','Jura'),(79,'Petit','Gerard','Jura'),(80,'Devaux','Jean Paul','Jura'),(81,'Peltier','Pierre','Jura'),(82,'Mollex','Georges','Savoie'),(83,'Goy','','Jura'),(84,'Metral','Jean','Jura'),(85,'Champet','Emile','Rhone'),(86,'Dumazet','Marc','Rhone'),(87,'Neyret Gachet','','Rhone'),(88,'Begot','Albert','Rhone'),(89,'Michelas','Robert','Rhone'),(90,'Roure','Raymond','Rhone'),(91,'Chave','Gerard','Rhone'),(92,'De Boissieu','','Rhone'),(93,'Marsanne','Jean','Rhone'),(94,'Grippat','Jean Louis','Rhone'),(95,'Verset','Louis','Rhone'),(96,'Boisson','Jean Pierre','Rhone'),(97,'Quiot','Pierre','Rhone'),(98,'Berard','','Rhone'),(99,'Cooperative','','Rhone'),(100,'Bernard','Georges','Rhone'),(101,'Verdan','Antoine','Rhone'),(102,'Cooperative','','Rhone'),(103,'Coulouvrat','Michel','Rhone'),(104,'Rabasse Chavarin','Abel','Rhone'),(105,'Roux','Charles','Rhone'),(106,'Alary','','Rhone'),(107,'Meunier','Laurent','Rhone'),(108,'Archimbaud','Jean','Rhone'),(109,'Rey','Marcel','Rhone'),(110,'Cooperative','','Rhone'),(111,'Zafiropulo','Costa','Provence'),(112,'Prebost','Gaston','Provence'),(113,'Gomez','Rene','Provence'),(114,'Brunet','Georges','Provence'),(115,'Bordonado','Raymond','Provence'),(116,'Imbert','Christian','Corse'),(117,'Cooperative','','Languedoc'),(118,'Cooperative','','Languedoc'),(119,'Cooperative','','Pyrenees'),(120,'Campigna Janvier','','Pyrenees'),(121,'Cooperative','','Pyrenees'),(122,'Dupuy','Charles','Pyrenees'),(123,'Laurent','Pierre','Pyrenees'),(124,'Daurat Fort','Robert','Pyrenees'),(125,'Baldes','Jean','Sud Ouest'),(126,'Jouffreau','Jean','Sud Ouest'),(127,'Brumont','Alban','Sud Ouest'),(129,'Barrere','Alfred','Sud Ouest'),(130,'Aba','Bart','Provence'),(131,'Aboussepartou','Thecle','Provence'),(132,'Adessin','Blanche','Provence'),(133,'Adlavyyadlespoir','Tanguy','Provence'),(134,'Adonaideux','Hermann','Provence'),(135,'Adrouilletoultan','Yves','Provence'),(136,'Adoth','Arthur','Beaujolais'),(137,'Afaivoir','Irma','Beaujolais'),(138,'Afaivoir','Nadege','Beaujolais'),(139,'Agere','Tex','Beaujolais'),(140,'Ahailiz','Colette','Beaujolais'),(141,'Aibaitiz','Alfred','Beaujolais'),(142,'Aibussavabien','Aude','Beaujolais'),(143,'Aidanlecouscous','Larissa','Beaujolais'),(144,'Aidubois','Laure','Beaujolais'),(145,'Aifaipipiauli','Jeff','Beaujolais'),(146,'Aihanvi','Jean','Beaujolais'),(147,'Aijeunesse','Raoul','Beaujolais'),(148,'Aimairedesurete','Prudence','Beaujolais'),(149,'Aimoi','Elise','Bourgogne'),(150,'Aipasvulaconfiture','Thor','Beaujolais'),(151,'Airavandepartir','Adolf','Beaujolais'),(152,'Aironbiendemain','Yves','Languedoc'),(153,'Aissdaiplume','Gilles','Languedoc'),(154,'Aitiraiyfoleboir','Sylvain','Bourgogne'),(155,'Aivideyfolremplir','Sylvere','Bourgogne'),(156,'Aivitable','Celine','Bourgogne'),(157,'Aivomindla','Charlotte','Bourgogne'),(158,'Akpourlui','Yann','Bourgogne'),(159,'Alamaternite','Ines','Bourgogne'),(160,'Alapate','Phil','Bourgogne'),(161,'Alapoubeyl','Ahmed','Bourgogne'),(162,'Alyzant','Gaspard','Pyrenees'),(163,'Amar','Ella','Bourgogne'),(164,'Amar','Pacome','Pyrenees'),(165,'Amar','Ancel','Bourgogne'),(166,'Amar','Helene','Sud Ouest'),(167,'Amar','Nadege','Bourgogne'),(168,'Amartakaldir','Quentin','Bourgogne'),(169,'Amelmoux','Karl','Bourgogne'),(170,'Ametlatable','Ahmed','Bourgogne'),(171,'Aniaitalettre','Jerome','Bourgogne'),(172,'Apendulaleur','Armelle','Bourgogne'),(173,'Ardelpic','Helmut','Bourgogne'),(174,'Assamemere','Lucien','Bourgogne'),(175,'Assicmonpote','Thecle','Sud Ouest'),(176,'Assin','Marc','Bourgogne'),(177,'Assonmek','Fidel','Bourgogne'),(178,'Ateur','Nordin','Bourgogne'),(179,'Atrovite','Yves','Bourgogne'),(180,'Aubin','Marie','Bourgogne'),(181,'Auster','Paterne','Bourgogne'),(182,'Avantou','Prudence','Pyrenees'),(183,'Avaidanleupotofeux','Melaine','Sud Ouest'),(184,'Avudotre','Ella','Bourgogne'),(185,'Avudotre','Nadege','Bourgogne'),(186,'Ayencoin','Laure','Bourgogne'),(187,'Azaraille','Eric','Bourgogne'),(188,'Ball','Jean','Bourgogne'),(189,'Balmasquez','Alonzo','Bourgogne'),(190,'Banilon','Philemon','Bourgogne'),(191,'Bansyla','Carry','Bourgogne'),(192,'Beginpouraile','Jules','Bourgogne'),(193,'Belivaumaison','Jean','Bourgogne'),(194,'Beurgueur','Cochise','Sud Ouest'),(195,'Bibach','Al','Bourgogne'),(196,'Bienuncassecroute','Humphrey','Bourgogne'),(197,'Bisjeudmo','Cesar','Bourgogne'),(198,'Bistaffaire','Cesar','Bourgogne'),(199,'Bistrotjaisoif','Alonzo','Bourgogne'),(200,'Blouson','Jean','Pyrenees'),(201,'Blouson','Philemon','Pyrenees'),(202,'Bocket','Bill','Bourgogne'),(203,'Boitam','Alice','Bourgogne'),(204,'Bonbeur','Jean','Bourgogne'),(205,'Bresse','Paulette','Bourgogne'),(206,'Brico','Judas','Bourgogne'),(207,'Bujaveltrac','Amedee','Bourgogne'),(208,'Butlatuladejamillere','Pascal','Savoie'),(209,'Caman','Medhi','Bourgogne'),(210,'Campingcaretjetefouunebeigne','Raymond','Bourgogne'),(211,'Ceheffseypossible','Hassan','Bourgogne'),(212,'Celair','Jacques','Pyrenees'),(213,'Chandel','Dino','Bourgogne'),(214,'Cheduchiendehors','Melanie','Bourgogne'),(215,'Chmonfils','Thierry','Alsace'),(216,'Choufleur','Claudia','Rhone'),(217,'Cingclub-jmesuibienamuse','Horace','Rhone'),(218,'Clessoulaporte','Jemila','Rhone'),(219,'Cochet','Eric','Rhone'),(220,'Collin','Julian','Alsace'),(221,'Connery','Aretha','Rhone'),(222,'Coptaire','Elie','Rhone'),(223,'Couvert','Armelle','Rhone'),(224,'Cover','Harry','Rhone'),(225,'Croc','Odile','Rhone'),(226,'Cuailassal','Eva','Rhone'),(227,'Dhurine','Anna-Lise','Rhone'),(228,'Daibute','Jean','Alsace'),(229,'Daibute','Marc','Rhone'),(230,'Daivan','Rose','Rhone'),(231,'Dalle','Angela','Rhone'),(232,'Dalors','Homer','Rhone'),(233,'Danloss','Ella','Rhone'),(234,'Danltas','Alphonse','Rhone'),(235,'Danstavoiturpourpassalir','Amadeus','Rhone'),(236,'Danstoncostumneufmonfils','Thibaud','Rhone'),(237,'Dapart','Alban','Rhone'),(238,'Daprelat','Maxime','Rhone'),(239,'Degou','Roland','Rhone'),(240,'Dehurlevent','Leo','Rhone'),(241,'Dekock','Basile','Alsace'),(242,'Delunamaubeuge','Claire','Rhone'),(243,'Denescafe','Laure','Rhone'),(244,'Deux','Jean-Paul','Rhone'),(245,'Di','Alain','Jura'),(246,'Di','Amar','Jura'),(247,'Dicule','Thierry','Jura'),(248,'Didon','Aubin','Jura'),(249,'Diguilipartou','Illya','Jura'),(250,'Diobete','Sally','Jura'),(251,'Diocy','Kelly','Jura'),(252,'Diocydmapar','Sophie','Jura'),(253,'Diote','Kelly','Jura'),(254,'Doeuf','John','Jura'),(255,'Doifor','Elmer','Jura'),(256,'Dorsa','Elsa','Jura'),(257,'Donctoilabas','Eddy','Jura'),(258,'Dondecourse','Guy','Corse'),(259,'Douichejaifin','Vincent','Provence'),(260,'Draissamerepourunebiere','Ivan','Provence'),(261,'Dsonnette','Gordon','Provence'),(262,'Duachiche','Yvan','Provence'),(263,'Duketchupdanmetfritte','Jeremy','Provence'),(264,'Durdanljardin','Sabine','Provence'),(265,'Dustriel','Firmin','Beaujolais'),(266,'Dutrainpourdireaurevoir','Alphonsine','Beaujolais'),(267,'Dutribunal','Clemence','Beaujolais'),(268,'Dzeuclock','Haroun','Beaujolais'),(269,'Eigeiry','Tom','Beaujolais'),(270,'Eipan','Ahmed','Beaujolais'),(271,'Eitusmash','Theophile','Beaujolais'),(272,'Ellahorestencoredansmesbras','Marine','Beaujolais'),(273,'Ellantaite','Marthe','Beaujolais'),(274,'Encieux-artelapremidi','Cecile','Beaujolais'),(275,'Enfaillite','Melusine','Beaujolais'),(276,'Entaret','Karim','Beaujolais'),(277,'Entirdaipiet','James','Beaujolais'),(278,'Eoudchouhinegomme','Al','Bourgogne'),(279,'Errapludesito','Olive','Beaujolais'),(280,'Et','Gilles','Beaujolais'),(281,'Etedanlefrigo','Elle','Languedoc'),(282,'Etehiersoir','Eliette','Languedoc'),(283,'Etparballes','Gilles','Bourgogne'),(284,'Etperil','Asterix','Bourgogne'),(285,'Eudeplacement','Fred','Bourgogne'),(286,'Eurketumaime','Odile','Bourgogne'),(287,'Ezaispoir','Aude','Bourgogne'),(288,'Fait','Gaspard','Bourgogne'),(289,'Feimal','Akim','Bourgogne'),(290,'Ferdumal','Yvette','Bourgogne'),(291,'Fissaferssaidevoir','Edmond','Pyrenees'),(292,'Frechi','Sarah','Bourgogne'),(293,'Frigoskeutapri','Romeo','Pyrenees'),(294,'Finmari','Amedee','Bourgogne'),(295,'Getdaifritte','Germain','Sud Ouest'),(296,'Gokiri','Denis','Bourgogne'),(297,'Gol','Henry','Bourgogne'),(298,'Goladetaidetaille','Larry','Bourgogne'),(299,'Gneketombetdenlapuret','Larry','Bourgogne'),(300,'Graf','Otto','Bourgogne'),(301,'Groixdenmoncanapais','Gedeon','Bourgogne'),(302,'Hanssandizlon','Cecile','Bourgogne'),(303,'Hare','Monica','Bourgogne'),(304,'Hawk','Thomas','Sud Ouest'),(305,'Hea','Aline','Bourgogne'),(306,'Heilledescence','Eve','Bourgogne'),(307,'Heinamanger','Hillary','Bourgogne'),(308,'Hekrazlespri','Mahmoud','Bourgogne'),(309,'Hemme','Rachel','Bourgogne'),(310,'Heudupateyennadanlfrigaux','Steve','Bourgogne'),(311,'Hirederire','Amour','Pyrenees'),(312,'Hitez','Eve','Sud Ouest'),(313,'Hitmieux','Elmer','Bourgogne'),(314,'Hockardetours','Hademar','Bourgogne'),(315,'Homa','Modeste','Bourgogne'),(316,'Hon','Cecile','Bourgogne'),(317,'Honnete','Marie','Bourgogne'),(318,'Honnete','Camille','Bourgogne'),(319,'Hornottobi','Tobbie','Bourgogne'),(320,'Huilda','Rachid','Bourgogne'),(321,'Hymum','Max','Bourgogne'),(322,'Idekilahula','Ulrich','Bourgogne'),(323,'Ienne','Cesar','Sud Ouest'),(324,'Iette','Romeo','Bourgogne'),(325,'Iette','Jules','Bourgogne'),(326,'Ileosud','Eleonore','Bourgogne'),(327,'Ilpatedanlfrigo','Jerome','Bourgogne'),(328,'Imitablegoutdelasuze','Celine','Bourgogne'),(329,'Info','Helene','Pyrenees'),(330,'Instant','Justin','Pyrenees'),(331,'Iquattro-aveclesjantenhalliage','Aude','Bourgogne'),(332,'Isme','Christiane','Bourgogne'),(333,'Issoitil','Maude','Bourgogne'),(334,'Izleudaiba','Hyppolyte','Bourgogne'),(335,'Jemalh-ales','Thomas','Bourgogne'),(336,'Joyeux','Noel','Bourgogne'),(337,'Jusqualaporte','Hercule','Savoie'),(338,'Kafairattention','Xavier','Bourgogne'),(339,'Kamil','Sim','Bourgogne'),(340,'Kartpostal','Ivan','Bourgogne'),(341,'Kartpostal','Dede','Pyrenees'),(342,'Kashtey','Sirah','Bourgogne'),(343,'Kimkonzern','Hans','Bourgogne'),(344,'Kiroul','Pierre','Alsace'),(345,'Kodseukrai','Philemon','Rhone'),(346,'Kuzbidon','Alex','Rhone'),(347,'Lbute','Leon','Rhone'),(348,'Lfrigaut','Steve','Rhone'),(349,'Lfrigaut','Eude','Alsace'),(350,'Lfrigaut','Hubert','Rhone'),(351,'Lfrigaut','Yann','Rhone'),(352,'Lfrigaut','Adam','Rhone'),(353,'Lacheminay','Ramon','Rhone'),(354,'Lacour','Martial','Rhone'),(355,'Laidensissafaimal','Yasser','Rhone'),(356,'Laizotre','Pacome','Rhone'),(357,'Lakouver-thurmegratt','Sandra','Alsace'),(358,'Lakuice','Leilou','Rhone'),(359,'Lance','Pierre','Rhone'),(360,'Landemin','Romeo','Rhone'),(361,'Lapoilkeusilonmaipaduile','Natacha','Rhone'),(362,'Lavaller','Eva','Rhone'),(363,'Lejouretlanuit','Jacques','Rhone'),(364,'Lejouretlanuit','Andre','Rhone'),(365,'Lepaindelabouche','Helmut','Rhone'),(366,'Lepoisson','Ivanohe','Rhone'),(367,'Lescannethaufret','Jeremy','Rhone'),(368,'Lesmoutons','Campbell','Rhone'),(369,'Letoilepolaire','Eleonore','Rhone'),(370,'Leuzonymankpluklimage','Zita','Alsace'),(371,'Liguili','Guy','Rhone'),(372,'Loestsanglasson','Samantha','Rhone'),(373,'Ltracteurdenlacour','Hercule','Rhone'),(374,'Ltracteurdenlacour','Igor','Jura'),(375,'Luttefinale','Sheila','Jura'),(376,'Maculotalanvair','Jimmy','Jura'),(377,'Mafortunenvolen','Jacky','Jura'),(378,'Magne','Charles','Jura'),(379,'Malauzo','Melanie','Jura'),(380,'Maleurarive','Quentin','Jura'),(381,'Mangin','Jean','Jura'),(382,'Manvukeufaussinul','Gerard','Jura'),(383,'Manvuossicon','Gerard','Jura'),(384,'Manzisuipourrien','France','Jura'),(385,'Marirou','Anna','Jura'),(386,'Marolex','Eleonore','Jura'),(387,'Matuer','Omar','Corse'),(388,'Mavallee','Colette','Provence'),(389,'Mavallee','Berthe','Provence'),(390,'Mcculloth','Jeremy','Provence'),(391,'Mei-atraverseilarue','Edmee','Provence'),(392,'Meidine','France','Provence'),(393,'Menvussa','Gerard','Provence'),(394,'Mentpourchien','Ali','Beaujolais'),(395,'Mercedez','Roland','Beaujolais'),(396,'Metrencouranceifatigan','Emile','Beaujolais'),(397,'Micoton','Mylene','Beaujolais'),(398,'Mieuxavecsesluneth','Elvira','Beaujolais'),(399,'Milecouvert','Irma','Beaujolais'),(400,'Mionbenne','Jessica','Beaujolais'),(401,'Moi','Ambroise','Beaujolais'),(402,'Moinfor','Nelson','Beaujolais'),(403,'Moitranquille','Alice','Beaujolais'),(404,'Monfils','Thibault','Beaujolais'),(405,'Morth','Adele','Beaujolais'),(406,'Morve','Yvan','Beaujolais'),(407,'Muda','Albert','Bourgogne'),(408,'Mum','Minnie','Beaujolais'),(409,'Naidauchaude','Robi','Beaujolais'),(410,'Naimard','Jean','Languedoc'),(411,'Naisse','Guy','Languedoc'),(412,'Nareff','Michel','Bourgogne'),(413,'Nareff','Paul','Bourgogne'),(414,'Nastic','Jim','Bourgogne'),(415,'Navoile','Marie','Bourgogne'),(416,'Nicloussatientousseul','Nicole','Bourgogne'),(417,'Netaufrais','Jessica','Bourgogne'),(418,'Nin-nin-nin-nin-nin-nin-nin-nin','Starsky','Bourgogne'),(419,'Nin-nin-nin-nin-nin-nin-nin-nin','Hutch','Bourgogne'),(420,'Nomsurlaliste','Raymond','Pyrenees'),(421,'Noyeux','Joel','Bourgogne'),(422,'Obscur','Claire','Pyrenees'),(423,'Ochon','Paul','Bourgogne'),(424,'Oduvillage','Lydie','Sud Ouest'),(425,'Oiconnard','Marthe','Bourgogne'),(426,'Oker','Clara','Bourgogne'),(427,'Ol','Jenny','Bourgogne'),(428,'Ol','Dianne','Bourgogne'),(429,'Ol','Beth','Bourgogne'),(430,'Ol','Nicole','Bourgogne'),(431,'Ol','Ester','Bourgogne'),(432,'Olimpiaceidomaj','Frederick','Bourgogne'),(433,'Olimpiaceidomaj','Francois','Sud Ouest'),(434,'Olimpiaceidomaj','Chantal','Bourgogne'),(435,'Onciterne','Camille','Bourgogne'),(436,'Oposte','Fidele','Bourgogne'),(437,'Oraque','Anne','Bourgogne'),(438,'Otine','Nick','Bourgogne'),(439,'Otine','Guy','Bourgogne'),(440,'Oucesoir','Ondine','Pyrenees'),(441,'Oueurc','Annette','Sud Ouest'),(442,'Oufeu','Ange','Bourgogne'),(443,'Ouilda','Rachid','Bourgogne'),(444,'Ouin','Serge','Bourgogne'),(445,'Ouintoussa','Cecile','Bourgogne'),(446,'Ouquoi','Ted','Bourgogne'),(447,'Ouquoi','Bill','Bourgogne'),(448,'Ourkessa','Cecile','Bourgogne'),(449,'Ournilon','Nick','Bourgogne'),(450,'Outan','Laurent','Bourgogne'),(451,'Paentrer','Jose','Bourgogne'),(452,'Parailafatigue','Candice','Sud Ouest'),(453,'Pasaubal','Samira','Bourgogne'),(454,'Passerlelinge','Edouard','Bourgogne'),(455,'Patamob','Adhemar','Bourgogne'),(456,'Patelment','Sam','Bourgogne'),(457,'Patelment','Therese','Bourgogne'),(458,'Payer','Amanda','Pyrenees'),(459,'Pendulaleur','Djemila','Pyrenees'),(460,'Pepeatraverserlarue','Edmond','Bourgogne'),(461,'Perdumonfroc','Roger','Bourgogne'),(462,'Peretmere','Yves','Bourgogne'),(463,'Peretmere','Andre','Bourgogne'),(464,'Perret','Ines','Bourgogne'),(465,'Perrin','Jean','Bourgogne'),(466,'Pettaireussi','Magali','Savoie'),(467,'Peulafenetre','Geoffroy','Bourgogne'),(468,'Peulafenetre','Angele','Bourgogne'),(469,'Peulafenetre','Firmin','Bourgogne'),(470,'Peursuila','Humphrey','Pyrenees'),(471,'Peutrovite','Saturnin','Bourgogne'),(472,'Phonphec','Sophie','Bourgogne'),(473,'Phototetemort','Thomas','Alsace'),(474,'Pile','Marsha','Rhone'),(475,'Pillere','Serge','Rhone'),(476,'Pitivinblanc','Ali','Rhone'),(477,'Pocrisidaxexpter','Julie','Rhone'),(478,'Ponsabdumatos','Therese','Alsace'),(479,'Poret','Eva','Rhone'),(480,'Porfirlavaisselle','Vladimir','Rhone'),(481,'Pouracheterunevoiture','Ivan','Rhone'),(482,'Pouracheterunevoiture','Sam','Rhone'),(483,'Pouracheterunevoiture','Otto','Rhone'),(484,'Pourboneconduite','Clemence','Rhone'),(485,'Pourlinstant','Sam','Rhone'),(486,'Pourlinstant','Sophie','Alsace'),(487,'Pourlun','Tatiana','Rhone'),(488,'Pourlotre','Yanna','Rhone'),(489,'Pourvoir','Juste','Rhone'),(490,'Provist','Alain','Rhone'),(491,'Proviste','Hilaire','Rhone'),(492,'Proviste','Andre','Rhone'),(493,'Proviste','Alain','Rhone'),(494,'Psicho','Pat','Rhone'),(495,'Ptitelainyfeifroideors','Melissa','Rhone'),(496,'Pudbiairaufret','Roger','Rhone'),(497,'Pudsouschufaucher','Anna','Rhone'),(498,'Quatrevingtdanlsoussol','Melodie','Rhone'),(499,'Rajtourne-brack','Sylvie','Alsace'),(500,'Ravaldonctasal','Yves','Rhone'),(501,'Remecitoyen','Rosa','Rhone'),(502,'Reujohjoh','Olaf','Rhone'),(503,'Rinkikoule','Tatania','Jura'),(504,'Rienapeter','Helena','Jura'),(505,'Robbe','Mick','Jura'),(506,'Roche','Annick','Jura'),(507,'Roche','Jacques','Jura'),(508,'Roche','Aude','Jura'),(509,'Rondelnefaipaleprintan','Yves','Jura'),(510,'Sa-unrubdesfoins','Isabelle','Jura'),(511,'Saerdouze','Igor','Jura'),(512,'Saerdouze','Yvan','Jura'),(513,'Saintmalauxhalanaj-cepaheviden','Ferdinand','Jura'),(514,'Saipavret','Dick','Jura'),(515,'Saisrien','Jean','Jura'),(516,'Salairofisk','Philemon','Corse'),(517,'Samedi','Samira','Provence'),(518,'Sanfrapper','Andre','Provence'),(519,'Sclub','Dinar','Provence'),(520,'Scott','Adele','Provence'),(521,'Scroutdenmamuseth','Jessica','Provence'),(522,'Senlatablegetcasse-unvert','Andre','Provence'),(523,'Serre','Levis','Beaujolais'),(524,'Serviteur','Fidele','Beaujolais'),(525,'Sifflercetrain','Jonathan','Beaujolais'),(526,'Sizandandezour','Zorra','Beaujolais'),(527,'Smoaslplancher','Deborah','Beaujolais'),(528,'Sonkui','Lea','Beaujolais'),(529,'Sonkui','Rico','Beaujolais'),(530,'Sonn','Pepito','Beaujolais'),(531,'Sonn','Nicolas','Beaujolais'),(532,'Sontroctor','Igor','Beaujolais'),(533,'Speireiktuplaisante','Jose','Beaujolais'),(534,'Stantmeme','Alain','Beaujolais'),(535,'Ster','Mona','Beaujolais'),(536,'Sticker','Sophie','Bourgogne'),(537,'Strueux','Simon','Beaujolais'),(538,'Table','Line','Beaujolais'),(539,'Table','Luc','Languedoc'),(540,'Tamunetabletdechocola','Jean','Languedoc'),(541,'Tanlamer','Jean','Bourgogne'),(542,'Tarainaze','Maggie','Bourgogne'),(543,'Tartine','Kimberley','Bourgogne'),(544,'Tassiepa','Sanchez','Bourgogne'),(545,'Tassion','Levy','Bourgogne'),(546,'Tavoiture','Hercule','Bourgogne'),(547,'Taukilaibon','Olga','Bourgogne'),(548,'Tebienlefoc','Jimmy','Bourgogne'),(549,'Teaupesser','Emilie','Pyrenees'),(550,'Tefarsi','Thomas','Bourgogne'),(551,'Tennishaissontousal','Aimee','Pyrenees'),(552,'Tergeist','Paul','Bourgogne'),(553,'Terieur','Alex','Sud Ouest'),(554,'Terieur','Alain','Bourgogne'),(555,'Teurdetex','Eddy','Bourgogne'),(556,'Teuzmany','Gedeon','Bourgogne'),(557,'Thondujour','Dick','Bourgogne'),(558,'Tine','Clement','Bourgogne'),(559,'Tirilfautleboir','Sylvain','Bourgogne'),(560,'Tison','Paco','Bourgogne'),(561,'Titigoute','Anne','Bourgogne'),(562,'Titigoute','Corinne','Sud Ouest'),(563,'Titigoute','Justine','Bourgogne'),(564,'Tizamor','Geraud','Bourgogne'),(565,'Toketchup','Thomas','Bourgogne'),(566,'Tombale','Pierre','Bourgogne'),(567,'Toumouve-itmouve-it','Alec','Bourgogne'),(568,'Touille','Sacha','Bourgogne'),(569,'Touleymatinsoussadouch','Stanislav','Pyrenees'),(570,'Tounet','Patrice','Sud Ouest'),(571,'Toussaimoyen','Albert','Bourgogne'),(572,'Tousseul','Sebastienne','Bourgogne'),(573,'Toutlemonde','Come','Bourgogne'),(574,'Toutlemonde','Pacome','Bourgogne'),(575,'Truand','Tony','Bourgogne'),(576,'Udanleau','Helene','Bourgogne'),(577,'Ultasonnul','Therese','Bourgogne'),(578,'Unchien','Malcom','Bourgogne'),(579,'Unebafataceur','Teophile','Bourgogne'),(580,'Uzlecou','Jacques','Bourgogne'),(581,'Vaisselle','Aude','Sud Ouest'),(582,'Vaistairstalone','Cecile','Bourgogne'),(583,'Varien','Hillary','Bourgogne'),(584,'Ventelibre','Armand','Bourgogne'),(586,'Versairenfamille','Elsa','Bourgogne'),(587,'Versairenfamille','Rose','Pyrenees'),(588,'Versairenfamille','Laure','Pyrenees'),(589,'Versairenfamille','Annie','Bourgogne'),(590,'Vier','Jean','Bourgogne'),(591,'Vigotte','Sarah','Bourgogne'),(592,'Vlaltonnerre','Odile','Bourgogne'),(593,'Vlaltonnerre','Claire','Bourgogne'),(594,'Voiturdoccasion','Ivan','Bourgogne'),(595,'Voiturdoccasion','Dede','Savoie'),(596,'Voulaizunlezotre','Aimee','Bourgogne'),(597,'Vressedaiprofondeur','Julie','Bourgogne'),(598,'Vrogneboirenpaix','Leslie','Bourgogne'),(599,'Xation','Luc','Pyrenees'),(600,'Yapudbierdenlfrigaut','Robin','Bourgogne'),(601,'Yerrofrais','Meleb','Bourgogne'),(602,'Yilelingelaitouprop','Zabou','Alsace'),(603,'Ylocal','Anastase','Rhone'),(604,'Zeblouse','Agathe','Rhone'),(605,'Zettofrais','Melanie','Rhone'),(606,'Zore','Dino','Rhone'),(607,'Aipasvulaconfiture','Thor','Alsace'),(608,'Etaidanlefrigo','Elle','Rhone'),(609,'Saisrien','Jean','Rhone'),(610,'Ethiersoir','Eliette','Rhone');
CREATE TABLE `recolte` (
  `nprod` int NOT NULL,
  `nvin` int NOT NULL,
  `quantité` int DEFAULT NULL,
  PRIMARY KEY (`nprod`,`nvin`),
  KEY `FK_recolte_vin` (`nvin`),
  CONSTRAINT `FK_recolte_prod` FOREIGN KEY (`nprod`) REFERENCES `producteur` (`numP`) ON DELETE CASCADE ON UPDATE CASCADE,
  CONSTRAINT `FK_recolte_vin` FOREIGN KEY (`nvin`) REFERENCES `vin` (`numV`) ON DELETE CASCADE ON UPDATE CASCADE
) ;
INSERT INTO `recolte` VALUES (1,1,300),(1,3,400),(1,54,500),(2,45,90),(2,49,150),(2,50,100),(2,54,900),(4,34,500),(4,78,300),(5,2,100),(5,11,200),(5,21,150),(5,67,125),(5,99,100),(7,12,31),(7,19,986),(8,9,10),(9,69,96),(10,4,35),(10,35,900),(10,67,890),(11,92,900),(11,94,500),(12,65,10),(12,68,60),(12,69,320),(13,13,13),(13,43,500),(14,54,500),(14,55,450),(15,51,36),(15,89,150),(22,30,350),(23,35,350),(24,56,790),(24,98,986),(25,65,560),(25,100,100),(27,78,360),(27,94,180),(30,5,46),(30,78,900),(35,98,400),(36,24,859),(38,16,100),(38,70,120),(38,71,132),(38,73,45),(38,75,69),(38,87,630),(40,18,120),(40,52,500),(40,53,800),(40,57,940),(42,6,300),(42,89,980),(43,12,200),(43,26,70),(43,82,100),(45,58,70),(45,59,160),(45,87,680),(46,76,100),(50,20,100),(50,28,100),(50,29,50),(50,31,320),(50,60,300),(52,38,125),(52,39,80),(52,47,75),(52,72,34),(54,37,830),(55,85,46),(55,88,129),(55,89,723),(56,90,900),(59,96,370),(60,33,70),(60,60,60),(60,62,900),(63,54,210),(64,46,760),(65,40,90),(65,63,136),(65,66,124),(65,89,980),(67,45,912),(68,78,980),(69,69,690),(70,74,650),(70,97,1000),(71,45,98),(72,32,890),(72,43,900),(72,64,870),(72,74,850),(72,87,900),(73,1,1),(74,79,100),(75,98,150),(76,41,25),(76,98,890),(78,45,540),(79,79,79),(79,82,546),(79,91,24),(79,93,110),(80,15,290),(80,78,970),(80,82,800),(81,79,800),(82,42,80),(82,67,760),(84,74,675),(85,43,983),(85,64,980),(85,76,900),(85,77,100),(86,14,180),(86,22,50),(86,23,15),(86,45,450),(88,98,340),(89,12,310),(89,89,100),(90,8,123),(90,32,500),(90,61,120),(90,80,79),(90,81,24),(93,36,50),(93,44,40),(93,48,70),(93,86,500),(95,17,50),(95,25,40),(95,83,423),(95,84,146),(95,90,400),(95,95,900),(98,7,68),(98,10,100),(99,27,60),(99,99,199),(131,1,300),(131,3,400),(131,54,500),(132,45,90),(132,49,150),(132,50,100),(132,54,900),(134,34,500),(134,78,300),(135,2,100),(135,11,200),(135,21,150),(135,67,125),(135,99,100),(137,12,31),(137,19,986),(138,9,10),(139,69,96),(140,4,35),(140,35,900),(140,67,890),(141,92,900),(141,94,500),(142,65,10),(142,68,60),(142,69,320),(143,13,13),(143,43,500),(144,54,500),(144,55,450),(145,51,36),(145,89,150),(152,30,350),(153,35,350),(154,56,790),(154,98,986),(155,65,560),(155,100,100),(157,78,360),(157,94,180),(160,5,46),(160,78,900),(165,98,400),(166,24,859),(168,16,100),(168,70,120),(168,71,132),(168,73,45),(168,75,69),(168,87,630),(170,18,120),(170,52,500),(170,53,800),(170,57,940),(172,6,300),(172,89,980),(173,12,200),(173,26,70),(173,82,100),(175,58,70),(175,59,160),(175,87,680),(176,76,100),(180,20,100),(180,28,100),(180,29,50),(180,31,320),(180,60,300),(182,38,125),(182,39,80),(182,47,75),(182,72,34),(184,37,830),(185,85,46),(185,88,129),(185,89,723),(186,90,900),(189,96,370),(190,33,70),(190,60,60),(190,62,900),(193,54,210),(194,46,760),(195,40,90),(195,63,136),(195,66,124),(195,89,980),(197,45,912),(198,78,980),(199,69,690),(200,74,650),(200,97,1000),(201,45,98),(202,32,890),(202,43,900),(202,64,870),(202,74,850),(202,87,900),(203,1,1),(204,79,100),(205,98,150),(206,41,25),(206,98,890),(208,45,540),(209,79,79),(209,82,546),(209,91,24),(209,93,110),(210,15,290),(210,78,970),(210,82,800),(211,79,800),(212,42,80),(212,67,760),(214,74,675),(215,43,983),(215,64,980),(215,76,900),(215,77,100),(216,14,180),(216,22,50),(216,23,15),(216,45,450),(218,98,340),(219,12,310),(219,89,100),(220,8,123),(220,32,500),(220,61,120),(220,80,79),(220,81,24),(223,36,50),(223,44,40),(223,48,70),(223,86,500),(225,17,50),(225,25,40),(225,83,423),(225,84,146),(225,90,400),(225,95,900),(228,7,68),(228,10,100),(229,27,60),(229,99,199),(261,1,300),(261,3,400),(261,54,500),(262,45,90),(262,49,150),(262,50,100),(262,54,900),(264,34,500),(264,78,300),(265,2,100),(265,11,200),(265,21,150),(265,67,125),(265,99,100),(267,12,31),(267,19,986),(268,9,10),(269,69,96),(270,4,35),(270,35,900),(270,67,890),(271,92,900),(271,94,500),(272,65,10),(272,68,60),(272,69,320),(273,13,13),(273,43,500),(274,54,500),(274,55,450),(275,51,36),(275,89,150),(282,30,350),(283,35,350),(284,56,790),(284,98,986),(285,65,560),(285,100,100),(287,78,360),(287,94,180),(290,5,46),(290,78,900),(295,98,400),(296,24,859),(298,16,100),(298,70,120),(298,71,132),(298,73,45),(298,75,69),(298,87,630),(300,18,120),(300,52,500),(300,53,800),(300,57,940),(302,6,300),(302,89,980),(303,12,200),(303,26,70),(303,82,100),(305,58,70),(305,59,160),(305,87,680),(306,76,100),(310,20,100),(310,28,100),(310,29,50),(310,31,320),(310,60,300),(312,38,125),(312,39,80),(312,47,75),(312,72,34),(314,37,830),(315,85,46),(315,88,129),(315,89,723),(316,90,900),(319,96,370),(320,33,70),(320,60,60),(320,62,900),(323,54,210),(324,46,760),(325,40,90),(325,63,136),(325,66,124),(325,89,980),(327,45,912),(328,78,980),(329,69,690),(330,74,650),(330,97,1000),(331,45,98),(332,32,890),(332,43,900),(332,64,870),(332,74,850),(332,87,900),(333,1,1),(334,79,100),(335,98,150),(336,41,25),(336,98,890),(338,45,540),(339,79,79),(339,82,546),(339,91,24),(339,93,110),(340,15,290),(340,78,970),(340,82,800),(341,79,800),(342,42,80),(342,67,760),(344,74,675),(345,43,983),(345,64,980),(345,76,900),(345,77,100),(346,14,180),(346,22,50),(346,23,15),(346,45,450),(348,98,340),(349,12,310),(349,89,100),(350,8,123),(350,32,500),(350,61,120),(350,80,79),(350,81,24),(353,36,50),(353,44,40),(353,48,70),(353,86,500),(355,17,50),(355,25,40),(355,83,423),(355,84,146),(355,90,400),(355,95,900),(358,7,68),(358,10,100),(359,27,60),(359,99,199),(391,34,500),(391,52,500),(391,78,300),(392,37,830),(392,47,75),(392,50,100),(392,51,36),(394,19,986),(394,74,650),(395,45,540),(395,50,100),(395,66,124),(395,98,890),(397,69,96),(397,89,100),(398,16,100),(399,39,80),(400,51,36),(400,53,800),(400,57,940),(401,12,200),(401,89,980),(402,76,100),(402,82,100),(402,87,680),(403,21,150),(403,67,125),(404,31,320),(404,99,100),(405,58,70),(405,60,300),(412,89,723),(413,90,900),(414,60,60),(414,96,370),(415,54,210),(415,62,900),(417,46,760),(417,89,980),(420,45,912),(420,58,70),(425,78,980),(426,69,690),(428,12,31),(428,71,132),(428,72,34),(428,75,69),(428,77,100),(430,32,890),(430,43,900),(430,45,98),(430,73,45),(432,59,160),(432,64,870),(433,74,850),(433,83,423),(433,87,900),(435,1,1),(435,59,160),(435,61,120),(436,79,100),(440,75,69),(440,79,79),(440,82,546),(440,85,46),(440,88,129),(442,9,10),(442,40,90),(442,73,45),(442,97,1000),(444,78,970),(445,82,800),(445,88,129),(445,91,24),(446,79,800),(449,67,760),(450,43,983),(450,74,675),(450,91,24),(453,64,980),(454,76,900),(455,14,180),(455,41,25),(455,66,124),(455,70,120),(457,45,450),(458,98,340),(459,12,310),(460,32,500),(460,40,90),(461,86,500),(462,2,100),(462,10,100),(462,90,400),(462,95,900),(462,99,199),(463,4,35),(464,5,46),(465,6,300),(466,7,68),(466,42,80),(468,8,123),(469,11,200),(469,15,290),(469,93,110),(469,97,1000),(470,17,50),(470,18,120),(470,70,120),(471,20,100),(472,22,50),(472,44,40),(474,23,15),(475,25,40),(475,26,70),(475,27,60),(475,80,79),(476,28,100),(476,29,50),(476,77,100),(476,80,79),(478,33,70),(479,36,50),(479,38,125),(480,40,90),(480,63,136),(480,81,24),(480,83,423),(483,41,25),(483,48,70),(483,49,150),(483,93,110),(485,42,80),(485,44,40),(485,72,34),(485,81,24),(485,84,146),(485,85,46),(488,48,70),(488,61,120),(489,49,150),(489,84,146),(521,41,25),(521,42,80),(521,44,40),(522,73,45),(522,75,69),(524,42,80),(524,44,40),(525,66,124),(525,70,120),(525,71,132),(527,42,80),(527,44,40),(528,77,100),(529,48,70),(530,48,70),(530,49,150),(531,50,100),(531,51,36),(532,58,70),(532,59,160),(532,61,120),(533,63,136),(533,66,124),(534,70,120),(534,71,132),(535,72,34),(542,77,100),(543,80,79),(544,81,24),(544,83,423),(545,84,146),(545,85,46),(547,88,129),(547,91,24),(550,93,110),(555,97,1000),(556,40,90),(558,41,25),(560,48,70),(560,49,150),(560,50,100),(562,51,36),(563,58,70),(563,59,160),(565,61,120),(566,63,136),(570,72,34),(570,73,45),(572,75,69),(574,77,100),(575,80,79),(576,81,24),(579,83,423),(580,84,146),(580,85,46),(583,88,129),(584,91,24),(587,97,1000),(588,40,90),(589,41,25),(590,48,70),(591,49,150),(592,50,100),(592,51,36),(592,58,70),(592,59,160),(592,61,120),(593,63,136),(594,66,124),(595,70,120),(596,71,132),(598,72,34),(599,73,45),(599,75,69),(600,80,79),(600,81,24),(601,83,423),(602,84,146),(604,85,46),(605,88,129),(605,91,24),(605,93,110),(606,40,90),(606,97,1000),(608,41,25),(609,42,80),(609,44,40),(610,49,150);
